{"cameraMode":{"drawMode":0,"name":"Shaded","section":"Shading Mode"},"sceneLighting":true,"audioPlay":false,"sceneViewState":{"showFog":true,"showMaterialUpdate":false,"showSkybox":true,"showFlares":true,"showImageEffects":true,"showParticleSystems":true},"in2DMode":false,"pivot":{"x":119.92271423339844,"y":52.54420852661133,"z":233.70635986328126},"rotation":{"x":-0.03625418618321419,"y":-0.908054530620575,"z":0.09477386623620987,"w":-0.4083927273750305},"size":37.75114822387695,"orthographic":false}